{"cameraMode":{"drawMode":0,"name":"Shaded","section":"Shading Mode"},"sceneLighting":true,"audioPlay":false,"sceneViewState":{"m_AlwaysRefresh":false,"showFog":true,"showSkybox":true,"showFlares":true,"showImageEffects":true,"showParticleSystems":true,"showVisualEffectGraphs":true,"m_FxEnabled":true},"in2DMode":false,"pivot":{"x":-0.4819628596305847,"y":3.45717453956604,"z":-10.020565032958985},"rotation":{"x":0.043485842645168307,"y":0.005994075443595648,"z":-0.00026302874903194606,"w":0.9990410804748535},"size":2.2927374839782717,"orthographic":false}